CHROM,ChromKey,POS,Indiv,gt_AD,gt_DP,gt_GQ,gt_GT,gt_MIN_DP,gt_PGT,gt_PID,gt_PL,gt_RGQ,gt_SB,gt_GT_alleles
chr1,1,237456575,210001I.161171,"1,4",5,11,0/1,NA,NA,NA,"84,0,11",NA,NA,A/AT
chr1,1,237456575,210001I.161171,"1,0",5,11,0/.,NA,NA,NA,"84,87,110",NA,NA,AT/.
chr1,1,237456575,210001I.161171,"1,0",5,11,0/.,NA,NA,NA,"84,87,110",NA,NA,ATT/.
chr1,1,237456575,210001I.161171,"1,0",5,11,0/.,NA,NA,NA,"84,87,110",NA,NA,A/.
chr1,1,237456575,210001I.161171,"1,0",5,11,0/.,NA,NA,NA,"84,87,110",NA,NA,ATTT/.
chr1,1,237456575,210002I.161172,"2,3",5,36,0/1,NA,NA,NA,"60,0,36",NA,NA,A/AT
chr1,1,237456575,210002I.161172,"2,0",5,36,0/.,NA,NA,NA,"60,66,110",NA,NA,AT/.
chr1,1,237456575,210002I.161172,"2,0",5,36,0/.,NA,NA,NA,"60,66,110",NA,NA,ATT/.
chr1,1,237456575,210002I.161172,"2,0",5,36,0/.,NA,NA,NA,"60,66,110",NA,NA,A/.
chr1,1,237456575,210002I.161172,"2,0",5,36,0/.,NA,NA,NA,"60,66,110",NA,NA,ATTT/.
chr1,1,237456575,210007I.161341,"3,13",20,33,1/.,NA,NA,NA,"285,33,70",NA,NA,AT/.
chr1,1,237456575,210007I.161341,"3,4",20,33,./1,NA,NA,NA,"285,254,430",NA,NA,./A
chr1,1,237456575,210007I.161341,"3,0",20,33,NA,NA,NA,NA,"285,328,448",NA,NA,.
chr1,1,237456575,210007I.161341,"3,0",20,33,NA,NA,NA,NA,"285,328,448",NA,NA,.
chr1,1,237456575,210007I.161341,"3,0",20,33,NA,NA,NA,NA,"285,328,448",NA,NA,.
chr1,1,237456575,210008.7281,"8,3",27,93,0/.,NA,NA,NA,"224,217,468",NA,NA,A/.
chr1,1,237456575,210008.7281,"8,10",27,93,0/1,NA,NA,NA,"224,0,189",NA,NA,AT/A
chr1,1,237456575,210008.7281,"8,4",27,93,0/.,NA,NA,NA,"224,117,553",NA,NA,ATT/.
chr1,1,237456575,210008.7281,"8,0",27,93,0/.,NA,NA,NA,"224,274,642",NA,NA,A/.
chr1,1,237456575,210008.7281,"8,2",27,93,0/.,NA,NA,NA,"224,198,894",NA,NA,ATTT/.
chr1,1,237456575,210010I.161173,"3,0",24,7,0/.,NA,NA,NA,"443,452,521",NA,NA,A/.
chr1,1,237456575,210010I.161173,"3,21",24,7,0/1,NA,NA,NA,"443,0,7",NA,NA,AT/A
chr1,1,237456575,210010I.161173,"3,0",24,7,0/.,NA,NA,NA,"443,452,521",NA,NA,ATT/.
chr1,1,237456575,210010I.161173,"3,0",24,7,0/.,NA,NA,NA,"443,452,521",NA,NA,A/.
chr1,1,237456575,210010I.161173,"3,0",24,7,0/.,NA,NA,NA,"443,452,521",NA,NA,ATTT/.
chr1,1,237456575,210011.7281,"9,12",41,87,1/.,NA,NA,NA,"352,171,471",NA,NA,AT/.
chr1,1,237456575,210011.7281,"9,13",41,87,./1,NA,NA,NA,"352,87,418",NA,NA,./A
chr1,1,237456575,210011.7281,"9,7",41,87,NA,NA,NA,NA,"352,216,889",NA,NA,.
chr1,1,237456575,210011.7281,"9,0",41,87,NA,NA,NA,NA,"352,432,831",NA,NA,.
chr1,1,237456575,210011.7281,"9,0",41,87,NA,NA,NA,NA,"352,432,831",NA,NA,.
chr1,1,237456575,210012.7281,"7,21",28,89,0/1,NA,NA,NA,"429,0,89",NA,NA,A/AT
chr1,1,237456575,210012.7281,"7,0",28,89,0/.,NA,NA,NA,"429,451,603",NA,NA,AT/.
chr1,1,237456575,210012.7281,"7,0",28,89,0/.,NA,NA,NA,"429,451,603",NA,NA,ATT/.
chr1,1,237456575,210012.7281,"7,0",28,89,0/.,NA,NA,NA,"429,451,603",NA,NA,A/.
chr1,1,237456575,210012.7281,"7,0",28,89,0/.,NA,NA,NA,"429,451,603",NA,NA,ATTT/.
chr1,1,237456575,210016I.161174,"3,0",7,40,0/.,NA,NA,NA,"68,77,128",NA,NA,A/.
chr1,1,237456575,210016I.161174,"3,4",7,40,0/1,NA,NA,NA,"68,0,40",NA,NA,AT/A
chr1,1,237456575,210016I.161174,"3,0",7,40,0/.,NA,NA,NA,"68,77,128",NA,NA,ATT/.
chr1,1,237456575,210016I.161174,"3,0",7,40,0/.,NA,NA,NA,"68,77,128",NA,NA,A/.
chr1,1,237456575,210016I.161174,"3,0",7,40,0/.,NA,NA,NA,"68,77,128",NA,NA,ATTT/.
chr1,1,237456575,210017I.94957,"15,0",15,0,0/0,NA,NA,NA,"0,0,55",NA,NA,A/A
chr1,1,237456575,210017I.94957,"15,0",15,0,0/0,NA,NA,NA,"0,0,55",NA,NA,AT/AT
chr1,1,237456575,210017I.94957,"15,0",15,0,0/0,NA,NA,NA,"0,0,55",NA,NA,ATT/ATT
chr1,1,237456575,210017I.94957,"15,0",15,0,0/0,NA,NA,NA,"0,0,55",NA,NA,A/A
chr1,1,237456575,210017I.94957,"15,0",15,0,0/0,NA,NA,NA,"0,0,55",NA,NA,ATTT/ATTT
chr1,1,237456575,210029I.94958,"1,3",4,9,0/1,NA,NA,NA,"78,0,9",NA,NA,A/AT
chr1,1,237456575,210029I.94958,"1,0",4,9,0/.,NA,NA,NA,"78,82,102",NA,NA,AT/.
chr1,1,237456575,210029I.94958,"1,0",4,9,0/.,NA,NA,NA,"78,82,102",NA,NA,ATT/.
chr1,1,237456575,210029I.94958,"1,0",4,9,0/.,NA,NA,NA,"78,82,102",NA,NA,A/.
chr1,1,237456575,210029I.94958,"1,0",4,9,0/.,NA,NA,NA,"78,82,102",NA,NA,ATTT/.
chr1,1,237456575,210036I.161188,"10,0",10,0,0/0,NA,NA,NA,"0,0,54",NA,NA,A/A
chr1,1,237456575,210036I.161188,"10,0",10,0,0/0,NA,NA,NA,"0,0,54",NA,NA,AT/AT
chr1,1,237456575,210036I.161188,"10,0",10,0,0/0,NA,NA,NA,"0,0,54",NA,NA,ATT/ATT
chr1,1,237456575,210036I.161188,"10,0",10,0,0/0,NA,NA,NA,"0,0,54",NA,NA,A/A
chr1,1,237456575,210036I.161188,"10,0",10,0,0/0,NA,NA,NA,"0,0,54",NA,NA,ATTT/ATTT
chr1,1,237456575,210037.7282,"1,0",25,91,NA,NA,NA,NA,"552,551,612",NA,NA,.
chr1,1,237456575,210037.7282,"1,17",25,91,1/.,NA,NA,NA,"552,137,91",NA,NA,A/.
chr1,1,237456575,210037.7282,"1,7",25,91,./1,NA,NA,NA,"552,355,469",NA,NA,./A
chr1,1,237456575,210037.7282,"1,0",25,91,NA,NA,NA,NA,"552,551,612",NA,NA,.
chr1,1,237456575,210037.7282,"1,0",25,91,NA,NA,NA,NA,"552,551,612",NA,NA,.
chr1,1,237456575,210038I.161189,"8,0",8,NA,NA,NA,NA,NA,"0,0,0",NA,NA,.
chr1,1,237456575,210038I.161189,"8,0",8,NA,NA,NA,NA,NA,"0,0,0",NA,NA,.
chr1,1,237456575,210038I.161189,"8,0",8,NA,NA,NA,NA,NA,"0,0,0",NA,NA,.
chr1,1,237456575,210038I.161189,"8,0",8,NA,NA,NA,NA,NA,"0,0,0",NA,NA,.
chr1,1,237456575,210038I.161189,"8,0",8,NA,NA,NA,NA,NA,"0,0,0",NA,NA,.
chr1,1,237456575,210045I.161190,"5,0",5,NA,NA,NA,NA,NA,"0,0,0",NA,NA,.
chr1,1,237456575,210045I.161190,"5,0",5,NA,NA,NA,NA,NA,"0,0,0",NA,NA,.
chr1,1,237456575,210045I.161190,"5,0",5,NA,NA,NA,NA,NA,"0,0,0",NA,NA,.
chr1,1,237456575,210045I.161190,"5,0",5,NA,NA,NA,NA,NA,"0,0,0",NA,NA,.
chr1,1,237456575,210045I.161190,"5,0",5,NA,NA,NA,NA,NA,"0,0,0",NA,NA,.
chr1,1,237456575,210048I.161191,"1,0",13,12,NA,NA,NA,NA,"234,237,260",NA,NA,.
chr1,1,237456575,210048I.161191,"1,12",13,12,1/1,NA,NA,NA,"234,12,0",NA,NA,A/A
chr1,1,237456575,210048I.161191,"1,0",13,12,NA,NA,NA,NA,"234,237,260",NA,NA,.
chr1,1,237456575,210048I.161191,"1,0",13,12,NA,NA,NA,NA,"234,237,260",NA,NA,.
chr1,1,237456575,210048I.161191,"1,0",13,12,NA,NA,NA,NA,"234,237,260",NA,NA,.
chr1,1,237456575,210049.7282,"6,3",22,65,0/.,NA,NA,NA,"259,247,461",NA,NA,A/.
chr1,1,237456575,210049.7282,"6,13",22,65,0/1,NA,NA,NA,"259,0,168",NA,NA,AT/A
chr1,1,237456575,210049.7282,"6,0",22,65,0/.,NA,NA,NA,"259,311,516",NA,NA,ATT/.
chr1,1,237456575,210049.7282,"6,0",22,65,0/.,NA,NA,NA,"259,311,516",NA,NA,A/.
chr1,1,237456575,210049.7282,"6,0",22,65,0/.,NA,NA,NA,"259,311,516",NA,NA,ATTT/.
chr1,1,237456575,210050I.161192,"7,4",12,62,0/1,NA,NA,NA,"96,0,110",NA,NA,A/AT
chr1,1,237456575,210050I.161192,"7,0",12,62,0/.,NA,NA,NA,"96,103,259",NA,NA,AT/.
chr1,1,237456575,210050I.161192,"7,0",12,62,0/.,NA,NA,NA,"96,103,259",NA,NA,ATT/.
chr1,1,237456575,210050I.161192,"7,1",12,62,0/.,NA,NA,NA,"96,62,250",NA,NA,A/.
chr1,1,237456575,210050I.161192,"7,0",12,62,0/.,NA,NA,NA,"96,103,259",NA,NA,ATTT/.
chr1,1,237456575,210055I.161193,"3,0",11,31,0/.,NA,NA,NA,"129,137,191",NA,NA,A/.
chr1,1,237456575,210055I.161193,"3,8",11,31,0/1,NA,NA,NA,"129,0,31",NA,NA,AT/A
chr1,1,237456575,210055I.161193,"3,0",11,31,0/.,NA,NA,NA,"129,137,191",NA,NA,ATT/.
chr1,1,237456575,210055I.161193,"3,0",11,31,0/.,NA,NA,NA,"129,137,191",NA,NA,A/.
chr1,1,237456575,210055I.161193,"3,0",11,31,0/.,NA,NA,NA,"129,137,191",NA,NA,ATTT/.
chr1,1,237456575,210056I.161194,"3,0",9,36,0/.,NA,NA,NA,"114,122,176",NA,NA,A/.
chr1,1,237456575,210056I.161194,"3,6",9,36,0/1,NA,NA,NA,"114,0,36",NA,NA,AT/A
chr1,1,237456575,210056I.161194,"3,0",9,36,0/.,NA,NA,NA,"114,122,176",NA,NA,ATT/.
chr1,1,237456575,210056I.161194,"3,0",9,36,0/.,NA,NA,NA,"114,122,176",NA,NA,A/.
chr1,1,237456575,210056I.161194,"3,0",9,36,0/.,NA,NA,NA,"114,122,176",NA,NA,ATTT/.
chr1,1,237456575,210057I.161195,"2,5",12,61,1/.,NA,NA,NA,"142,67,135",NA,NA,AT/.
chr1,1,237456575,210057I.161195,"2,5",12,61,./1,NA,NA,NA,"142,61,130",NA,NA,./A
chr1,1,237456575,210057I.161195,"2,0",12,61,NA,NA,NA,NA,"142,167,245",NA,NA,.
chr1,1,237456575,210057I.161195,"2,0",12,61,NA,NA,NA,NA,"142,167,245",NA,NA,.
chr1,1,237456575,210057I.161195,"2,0",12,61,NA,NA,NA,NA,"142,167,245",NA,NA,.
chr1,1,237456575,210058I.161196,"5,0",5,NA,NA,NA,NA,NA,"0,0,0",NA,NA,.
chr1,1,237456575,210058I.161196,"5,0",5,NA,NA,NA,NA,NA,"0,0,0",NA,NA,.
chr1,1,237456575,210058I.161196,"5,0",5,NA,NA,NA,NA,NA,"0,0,0",NA,NA,.
chr1,1,237456575,210058I.161196,"5,0",5,NA,NA,NA,NA,NA,"0,0,0",NA,NA,.
chr1,1,237456575,210058I.161196,"5,0",5,NA,NA,NA,NA,NA,"0,0,0",NA,NA,.
chr1,1,237456575,210059.7283,"16,0",16,0,0/0,NA,NA,NA,"0,0,168",NA,NA,A/A
chr1,1,237456575,210059.7283,"16,0",16,0,0/0,NA,NA,NA,"0,0,168",NA,NA,AT/AT
chr1,1,237456575,210059.7283,"16,0",16,0,0/0,NA,NA,NA,"0,0,168",NA,NA,ATT/ATT
chr1,1,237456575,210059.7283,"16,0",16,0,0/0,NA,NA,NA,"0,0,168",NA,NA,A/A
chr1,1,237456575,210059.7283,"16,0",16,0,0/0,NA,NA,NA,"0,0,168",NA,NA,ATTT/ATTT
chr1,1,237456575,210059I.94965,"13,4",23,13,0/.,NA,NA,NA,"46,13,332",NA,NA,A/.
chr1,1,237456575,210059I.94965,"13,4",23,13,0/1,NA,NA,NA,"46,0,380",NA,NA,AT/A
chr1,1,237456575,210059I.94965,"13,2",23,13,0/.,NA,NA,NA,"46,45,663",NA,NA,ATT/.
chr1,1,237456575,210059I.94965,"13,0",23,13,0/.,NA,NA,NA,"46,107,506",NA,NA,A/.
chr1,1,237456575,210059I.94965,"13,0",23,13,0/.,NA,NA,NA,"46,107,506",NA,NA,ATTT/.
chr1,1,237456575,210061I.161197,"10,0",10,NA,NA,NA,NA,NA,"0,0,0",NA,NA,.
chr1,1,237456575,210061I.161197,"10,0",10,NA,NA,NA,NA,NA,"0,0,0",NA,NA,.
chr1,1,237456575,210061I.161197,"10,0",10,NA,NA,NA,NA,NA,"0,0,0",NA,NA,.
chr1,1,237456575,210061I.161197,"10,0",10,NA,NA,NA,NA,NA,"0,0,0",NA,NA,.
chr1,1,237456575,210061I.161197,"10,0",10,NA,NA,NA,NA,NA,"0,0,0",NA,NA,.
chr1,1,237456575,210064I.161202,"1,4",5,5,1/1,NA,NA,NA,"89,5,0",NA,NA,AT/AT
chr1,1,237456575,210064I.161202,"1,0",5,5,NA,NA,NA,NA,"89,92,99",NA,NA,.
chr1,1,237456575,210064I.161202,"1,0",5,5,NA,NA,NA,NA,"89,92,99",NA,NA,.
chr1,1,237456575,210064I.161202,"1,0",5,5,NA,NA,NA,NA,"89,92,99",NA,NA,.
chr1,1,237456575,210064I.161202,"1,0",5,5,NA,NA,NA,NA,"89,92,99",NA,NA,.
chr1,1,237456575,210066I.161203,"4,3",7,40,0/1,NA,NA,NA,"40,0,67",NA,NA,A/AT
chr1,1,237456575,210066I.161203,"4,0",7,40,0/.,NA,NA,NA,"40,51,127",NA,NA,AT/.
chr1,1,237456575,210066I.161203,"4,0",7,40,0/.,NA,NA,NA,"40,51,127",NA,NA,ATT/.
chr1,1,237456575,210066I.161203,"4,0",7,40,0/.,NA,NA,NA,"40,51,127",NA,NA,A/.
chr1,1,237456575,210066I.161203,"4,0",7,40,0/.,NA,NA,NA,"40,51,127",NA,NA,ATTT/.
chr1,1,237456575,210073I.161347,"2,2",10,2,1/.,NA,NA,NA,"98,75,154",NA,NA,AT/.
chr1,1,237456575,210073I.161347,"2,4",10,2,./1,NA,NA,NA,"98,2,46",NA,NA,./A
chr1,1,237456575,210073I.161347,"2,2",10,2,NA,NA,NA,NA,"98,44,139",NA,NA,.
chr1,1,237456575,210073I.161347,"2,0",10,2,NA,NA,NA,NA,"98,110,172",NA,NA,.
chr1,1,237456575,210073I.161347,"2,0",10,2,NA,NA,NA,NA,"98,110,172",NA,NA,.
chr1,1,237456575,210075I.161204,"9,0",9,NA,NA,NA,NA,NA,"0,0,0",NA,NA,.
chr1,1,237456575,210075I.161204,"9,0",9,NA,NA,NA,NA,NA,"0,0,0",NA,NA,.
chr1,1,237456575,210075I.161204,"9,0",9,NA,NA,NA,NA,NA,"0,0,0",NA,NA,.
chr1,1,237456575,210075I.161204,"9,0",9,NA,NA,NA,NA,NA,"0,0,0",NA,NA,.
chr1,1,237456575,210075I.161204,"9,0",9,NA,NA,NA,NA,NA,"0,0,0",NA,NA,.
chr1,1,237456575,210083.7283,"5,7",23,47,1/.,NA,NA,NA,"218,47,166",NA,NA,AT/.
chr1,1,237456575,210083.7283,"5,7",23,47,./1,NA,NA,NA,"218,122,393",NA,NA,./A
chr1,1,237456575,210083.7283,"5,0",23,47,NA,NA,NA,NA,"218,250,409",NA,NA,.
chr1,1,237456575,210083.7283,"5,4",23,47,NA,NA,NA,NA,"218,104,334",NA,NA,.
chr1,1,237456575,210083.7283,"5,0",23,47,NA,NA,NA,NA,"218,250,409",NA,NA,.
chr1,1,237456575,210088I.161225,"3,4",10,4,1/.,NA,NA,NA,"74,4,76",NA,NA,AT/.
chr1,1,237456575,210088I.161225,"3,3",10,4,./1,NA,NA,NA,"74,30,143",NA,NA,./A
chr1,1,237456575,210088I.161225,"3,0",10,4,NA,NA,NA,NA,"74,98,196",NA,NA,.
chr1,1,237456575,210088I.161225,"3,0",10,4,NA,NA,NA,NA,"74,98,196",NA,NA,.
chr1,1,237456575,210088I.161225,"3,0",10,4,NA,NA,NA,NA,"74,98,196",NA,NA,.
chr1,1,237456575,210093I.161226,"7,0",7,NA,NA,NA,NA,NA,"0,0,0",NA,NA,.
chr1,1,237456575,210093I.161226,"7,0",7,NA,NA,NA,NA,NA,"0,0,0",NA,NA,.
chr1,1,237456575,210093I.161226,"7,0",7,NA,NA,NA,NA,NA,"0,0,0",NA,NA,.
chr1,1,237456575,210093I.161226,"7,0",7,NA,NA,NA,NA,NA,"0,0,0",NA,NA,.
chr1,1,237456575,210093I.161226,"7,0",7,NA,NA,NA,NA,NA,"0,0,0",NA,NA,.
chr1,1,237456575,210096I.161357,"6,0",20,95,0/.,NA,NA,NA,"265,283,420",NA,NA,A/.
chr1,1,237456575,210096I.161357,"6,14",20,95,0/1,NA,NA,NA,"265,0,95",NA,NA,AT/A
chr1,1,237456575,210096I.161357,"6,0",20,95,0/.,NA,NA,NA,"265,283,420",NA,NA,ATT/.
chr1,1,237456575,210096I.161357,"6,0",20,95,0/.,NA,NA,NA,"265,283,420",NA,NA,A/.
chr1,1,237456575,210096I.161357,"6,0",20,95,0/.,NA,NA,NA,"265,283,420",NA,NA,ATTT/.
chr1,1,237456575,210097I.161227,"5,3",10,1,0/1,NA,NA,NA,"42,0,123",NA,NA,A/AT
chr1,1,237456575,210097I.161227,"5,0",10,1,0/.,NA,NA,NA,"42,71,241",NA,NA,AT/.
chr1,1,237456575,210097I.161227,"5,2",10,1,0/.,NA,NA,NA,"42,1,214",NA,NA,ATT/.
chr1,1,237456575,210097I.161227,"5,0",10,1,0/.,NA,NA,NA,"42,71,241",NA,NA,A/.
chr1,1,237456575,210097I.161227,"5,0",10,1,0/.,NA,NA,NA,"42,71,241",NA,NA,ATTT/.
chr1,1,237456575,210098.7284,"2,0",13,51,NA,NA,NA,NA,"165,186,296",NA,NA,.
chr1,1,237456575,210098.7284,"2,5",13,51,1/.,NA,NA,NA,"165,51,119",NA,NA,A/.
chr1,1,237456575,210098.7284,"2,3",13,51,NA,NA,NA,NA,"165,91,232",NA,NA,.
chr1,1,237456575,210098.7284,"2,3",13,51,./1,NA,NA,NA,"165,100,256",NA,NA,./ATT
chr1,1,237456575,210098.7284,"2,0",13,51,NA,NA,NA,NA,"165,186,296",NA,NA,.
chr1,1,237456575,210104I.161228,"3,0",3,NA,NA,NA,NA,NA,"0,0,0",NA,NA,.
chr1,1,237456575,210104I.161228,"3,0",3,NA,NA,NA,NA,NA,"0,0,0",NA,NA,.
chr1,1,237456575,210104I.161228,"3,0",3,NA,NA,NA,NA,NA,"0,0,0",NA,NA,.
chr1,1,237456575,210104I.161228,"3,0",3,NA,NA,NA,NA,NA,"0,0,0",NA,NA,.
chr1,1,237456575,210104I.161228,"3,0",3,NA,NA,NA,NA,NA,"0,0,0",NA,NA,.
chr1,1,237456575,210105.7284,"11,9",20,99,0/1,NA,NA,NA,"159,0,215",NA,NA,A/AT
chr1,1,237456575,210105.7284,"11,0",20,99,0/.,NA,NA,NA,"159,193,434",NA,NA,AT/.
chr1,1,237456575,210105.7284,"11,0",20,99,0/.,NA,NA,NA,"159,193,434",NA,NA,ATT/.
chr1,1,237456575,210105.7284,"11,0",20,99,0/.,NA,NA,NA,"159,193,434",NA,NA,A/.
chr1,1,237456575,210105.7284,"11,0",20,99,0/.,NA,NA,NA,"159,193,434",NA,NA,ATTT/.
chr1,1,237456575,210106.7284,"7,12",19,99,0/1,NA,NA,NA,"238,0,118",NA,NA,A/AT
chr1,1,237456575,210106.7284,"7,0",19,99,0/.,NA,NA,NA,"238,259,413",NA,NA,AT/.
chr1,1,237456575,210106.7284,"7,0",19,99,0/.,NA,NA,NA,"238,259,413",NA,NA,ATT/.
chr1,1,237456575,210106.7284,"7,0",19,99,0/.,NA,NA,NA,"238,259,413",NA,NA,A/.
chr1,1,237456575,210106.7284,"7,0",19,99,0/.,NA,NA,NA,"238,259,413",NA,NA,ATTT/.
chr1,1,237456575,210110.7284,"7,0",7,NA,NA,NA,NA,NA,"0,0,0",NA,NA,.
chr1,1,237456575,210110.7284,"7,0",7,NA,NA,NA,NA,NA,"0,0,0",NA,NA,.
chr1,1,237456575,210110.7284,"7,0",7,NA,NA,NA,NA,NA,"0,0,0",NA,NA,.
chr1,1,237456575,210110.7284,"7,0",7,NA,NA,NA,NA,NA,"0,0,0",NA,NA,.
chr1,1,237456575,210110.7284,"7,0",7,NA,NA,NA,NA,NA,"0,0,0",NA,NA,.
chr1,1,237456575,210114I.161256,"1,3",4,13,0/1,NA,NA,NA,"48,0,13",NA,NA,A/AT
chr1,1,237456575,210114I.161256,"1,0",4,13,0/.,NA,NA,NA,"48,51,73",NA,NA,AT/.
chr1,1,237456575,210114I.161256,"1,0",4,13,0/.,NA,NA,NA,"48,51,73",NA,NA,ATT/.
chr1,1,237456575,210114I.161256,"1,0",4,13,0/.,NA,NA,NA,"48,51,73",NA,NA,A/.
chr1,1,237456575,210114I.161256,"1,0",4,13,0/.,NA,NA,NA,"48,51,73",NA,NA,ATTT/.
chr1,1,237456575,210115I.161374,"3,0",8,2,NA,NA,NA,NA,"92,91,139",NA,NA,.
chr1,1,237456575,210115I.161374,"3,2",8,2,1/.,NA,NA,NA,"92,32,56",NA,NA,A/.
chr1,1,237456575,210115I.161374,"3,3",8,2,./1,NA,NA,NA,"92,2,61",NA,NA,./A
chr1,1,237456575,210115I.161374,"3,0",8,2,NA,NA,NA,NA,"92,91,139",NA,NA,.
chr1,1,237456575,210115I.161374,"3,0",8,2,NA,NA,NA,NA,"92,91,139",NA,NA,.
chr1,1,237456575,210117I.161375,"6,0",14,83,0/.,NA,NA,NA,"164,181,289",NA,NA,A/.
chr1,1,237456575,210117I.161375,"6,8",14,83,0/1,NA,NA,NA,"164,0,83",NA,NA,AT/A
chr1,1,237456575,210117I.161375,"6,0",14,83,0/.,NA,NA,NA,"164,181,289",NA,NA,ATT/.
chr1,1,237456575,210117I.161375,"6,0",14,83,0/.,NA,NA,NA,"164,181,289",NA,NA,A/.
chr1,1,237456575,210117I.161375,"6,0",14,83,0/.,NA,NA,NA,"164,181,289",NA,NA,ATTT/.
chr1,1,237456575,210122I.161377,"25,0",25,0,0/0,NA,NA,NA,"0,0,365",NA,NA,A/A
chr1,1,237456575,210122I.161377,"25,0",25,0,0/0,NA,NA,NA,"0,0,365",NA,NA,AT/AT
chr1,1,237456575,210122I.161377,"25,0",25,0,0/0,NA,NA,NA,"0,0,365",NA,NA,ATT/ATT
chr1,1,237456575,210122I.161377,"25,0",25,0,0/0,NA,NA,NA,"0,0,365",NA,NA,A/A
chr1,1,237456575,210122I.161377,"25,0",25,0,0/0,NA,NA,NA,"0,0,365",NA,NA,ATTT/ATTT
chr1,1,237456575,210124I.95050,"8,10",25,31,0/1,NA,NA,NA,"147,0,172",NA,NA,A/AT
chr1,1,237456575,210124I.95050,"8,0",25,31,0/.,NA,NA,NA,"147,221,887",NA,NA,AT/.
chr1,1,237456575,210124I.95050,"8,4",25,31,0/.,NA,NA,NA,"147,42,687",NA,NA,ATT/.
chr1,1,237456575,210124I.95050,"8,0",25,31,0/.,NA,NA,NA,"147,221,887",NA,NA,A/.
chr1,1,237456575,210124I.95050,"8,3",25,31,0/.,NA,NA,NA,"147,71,902",NA,NA,ATTT/.
chr1,1,237456575,210127I.161259,"1,4",8,35,1/.,NA,NA,NA,"111,35,68",NA,NA,AT/.
chr1,1,237456575,210127I.161259,"1,3",8,35,./1,NA,NA,NA,"111,74,141",NA,NA,./A
chr1,1,237456575,210127I.161259,"1,0",8,35,NA,NA,NA,NA,"111,130,185",NA,NA,.
chr1,1,237456575,210127I.161259,"1,0",8,35,NA,NA,NA,NA,"111,130,185",NA,NA,.
chr1,1,237456575,210127I.161259,"1,0",8,35,NA,NA,NA,NA,"111,130,185",NA,NA,.
chr1,1,237456575,210132I.161378,"1,0",6,21,NA,NA,NA,NA,"99,93,116",NA,NA,.
chr1,1,237456575,210132I.161378,"1,2",6,21,1/.,NA,NA,NA,"99,36,45",NA,NA,A/.
chr1,1,237456575,210132I.161378,"1,3",6,21,./1,NA,NA,NA,"99,21,46",NA,NA,./A
chr1,1,237456575,210132I.161378,"1,0",6,21,NA,NA,NA,NA,"99,93,116",NA,NA,.
chr1,1,237456575,210132I.161378,"1,0",6,21,NA,NA,NA,NA,"99,93,116",NA,NA,.
chr1,1,237456575,210133I.161284,"7,5",12,88,0/1,NA,NA,NA,"88,0,105",NA,NA,A/AT
chr1,1,237456575,210133I.161284,"7,0",12,88,0/.,NA,NA,NA,"88,108,228",NA,NA,AT/.
chr1,1,237456575,210133I.161284,"7,0",12,88,0/.,NA,NA,NA,"88,108,228",NA,NA,ATT/.
chr1,1,237456575,210133I.161284,"7,0",12,88,0/.,NA,NA,NA,"88,108,228",NA,NA,A/.
chr1,1,237456575,210133I.161284,"7,0",12,88,0/.,NA,NA,NA,"88,108,228",NA,NA,ATTT/.
chr1,1,237456575,210134I.161260,"4,3",7,54,0/1,NA,NA,NA,"54,0,63",NA,NA,A/AT
chr1,1,237456575,210134I.161260,"4,0",7,54,0/.,NA,NA,NA,"54,66,138",NA,NA,AT/.
chr1,1,237456575,210134I.161260,"4,0",7,54,0/.,NA,NA,NA,"54,66,138",NA,NA,ATT/.
chr1,1,237456575,210134I.161260,"4,0",7,54,0/.,NA,NA,NA,"54,66,138",NA,NA,A/.
chr1,1,237456575,210134I.161260,"4,0",7,54,0/.,NA,NA,NA,"54,66,138",NA,NA,ATTT/.
chr1,1,237456575,210140I.161285,"2,5",7,15,0/1,NA,NA,NA,"104,0,15",NA,NA,A/AT
chr1,1,237456575,210140I.161285,"2,0",7,15,0/.,NA,NA,NA,"104,109,140",NA,NA,AT/.
chr1,1,237456575,210140I.161285,"2,0",7,15,0/.,NA,NA,NA,"104,109,140",NA,NA,ATT/.
chr1,1,237456575,210140I.161285,"2,0",7,15,0/.,NA,NA,NA,"104,109,140",NA,NA,A/.
chr1,1,237456575,210140I.161285,"2,0",7,15,0/.,NA,NA,NA,"104,109,140",NA,NA,ATTT/.
chr1,1,237456575,210141I.161379,"3,5",8,51,0/1,NA,NA,NA,"99,0,51",NA,NA,A/AT
chr1,1,237456575,210141I.161379,"3,0",8,51,0/.,NA,NA,NA,"99,108,175",NA,NA,AT/.
chr1,1,237456575,210141I.161379,"3,0",8,51,0/.,NA,NA,NA,"99,108,175",NA,NA,ATT/.
chr1,1,237456575,210141I.161379,"3,0",8,51,0/.,NA,NA,NA,"99,108,175",NA,NA,A/.
chr1,1,237456575,210141I.161379,"3,0",8,51,0/.,NA,NA,NA,"99,108,175",NA,NA,ATTT/.
chr1,1,237456575,210144I.161286,"3,0",8,24,0/.,NA,NA,NA,"90,98,136",NA,NA,A/.
chr1,1,237456575,210144I.161286,"3,5",8,24,0/1,NA,NA,NA,"90,0,24",NA,NA,AT/A
chr1,1,237456575,210144I.161286,"3,0",8,24,0/.,NA,NA,NA,"90,98,136",NA,NA,ATT/.
chr1,1,237456575,210144I.161286,"3,0",8,24,0/.,NA,NA,NA,"90,98,136",NA,NA,A/.
chr1,1,237456575,210144I.161286,"3,0",8,24,0/.,NA,NA,NA,"90,98,136",NA,NA,ATTT/.
chr1,1,237456575,210148I.95048,"9,3",17,16,0/.,NA,NA,NA,"41,16,237",NA,NA,A/.
chr1,1,237456575,210148I.95048,"9,3",17,16,0/1,NA,NA,NA,"41,0,259",NA,NA,AT/A
chr1,1,237456575,210148I.95048,"9,2",17,16,0/.,NA,NA,NA,"41,24,480",NA,NA,ATT/.
chr1,1,237456575,210148I.95048,"9,0",17,16,0/.,NA,NA,NA,"41,83,359",NA,NA,A/.
chr1,1,237456575,210148I.95048,"9,0",17,16,0/.,NA,NA,NA,"41,83,359",NA,NA,ATTT/.
chr1,1,237456575,210149I.161288,"8,0",8,0,0/0,NA,NA,NA,"0,0,160",NA,NA,A/A
chr1,1,237456575,210149I.161288,"8,0",8,0,0/0,NA,NA,NA,"0,0,160",NA,NA,AT/AT
chr1,1,237456575,210149I.161288,"8,0",8,0,0/0,NA,NA,NA,"0,0,160",NA,NA,ATT/ATT
chr1,1,237456575,210149I.161288,"8,0",8,0,0/0,NA,NA,NA,"0,0,160",NA,NA,A/A
chr1,1,237456575,210149I.161288,"8,0",8,0,0/0,NA,NA,NA,"0,0,160",NA,NA,ATTT/ATTT
chr1,1,237456575,210162I.95049,"8,5",31,63,0/.,NA,NA,NA,"288,252,540",NA,NA,A/.
chr1,1,237456575,210162I.95049,"8,13",31,63,0/1,NA,NA,NA,"288,0,220",NA,NA,AT/A
chr1,1,237456575,210162I.95049,"8,5",31,63,0/.,NA,NA,NA,"288,183,662",NA,NA,ATT/.
chr1,1,237456575,210162I.95049,"8,0",31,63,0/.,NA,NA,NA,"288,337,613",NA,NA,A/.
chr1,1,237456575,210162I.95049,"8,0",31,63,0/.,NA,NA,NA,"288,337,613",NA,NA,ATTT/.
chr1,1,237456575,210167I.161289,"2,0",9,24,0/.,NA,NA,NA,"137,143,189",NA,NA,A/.
chr1,1,237456575,210167I.161289,"2,7",9,24,0/1,NA,NA,NA,"137,0,24",NA,NA,AT/A
chr1,1,237456575,210167I.161289,"2,0",9,24,0/.,NA,NA,NA,"137,143,189",NA,NA,ATT/.
chr1,1,237456575,210167I.161289,"2,0",9,24,0/.,NA,NA,NA,"137,143,189",NA,NA,A/.
chr1,1,237456575,210167I.161289,"2,0",9,24,0/.,NA,NA,NA,"137,143,189",NA,NA,ATTT/.
chr1,1,237456575,210170I.161393,"4,9",13,50,0/1,NA,NA,NA,"156,0,50",NA,NA,A/AT
chr1,1,237456575,210170I.161393,"4,0",13,50,0/.,NA,NA,NA,"156,167,243",NA,NA,AT/.
chr1,1,237456575,210170I.161393,"4,0",13,50,0/.,NA,NA,NA,"156,167,243",NA,NA,ATT/.
chr1,1,237456575,210170I.161393,"4,0",13,50,0/.,NA,NA,NA,"156,167,243",NA,NA,A/.
chr1,1,237456575,210170I.161393,"4,0",13,50,0/.,NA,NA,NA,"156,167,243",NA,NA,ATTT/.
chr1,1,237456575,210173I.161394,"1,0",5,4,NA,NA,NA,NA,"76,79,86",NA,NA,.
chr1,1,237456575,210173I.161394,"1,4",5,4,1/1,NA,NA,NA,"76,4,0",NA,NA,A/A
chr1,1,237456575,210173I.161394,"1,0",5,4,NA,NA,NA,NA,"76,79,86",NA,NA,.
chr1,1,237456575,210173I.161394,"1,0",5,4,NA,NA,NA,NA,"76,79,86",NA,NA,.
chr1,1,237456575,210173I.161394,"1,0",5,4,NA,NA,NA,NA,"76,79,86",NA,NA,.
chr1,1,237456575,210174I.161290,"6,0",18,83,0/.,NA,NA,NA,"222,239,357",NA,NA,A/.
chr1,1,237456575,210174I.161290,"6,12",18,83,0/1,NA,NA,NA,"222,0,83",NA,NA,AT/A
chr1,1,237456575,210174I.161290,"6,0",18,83,0/.,NA,NA,NA,"222,239,357",NA,NA,ATT/.
chr1,1,237456575,210174I.161290,"6,0",18,83,0/.,NA,NA,NA,"222,239,357",NA,NA,A/.
chr1,1,237456575,210174I.161290,"6,0",18,83,0/.,NA,NA,NA,"222,239,357",NA,NA,ATTT/.
chr1,1,237456575,210176I.161395,"5,14",19,42,0/1,NA,NA,NA,"275,0,42",NA,NA,A/AT
chr1,1,237456575,210176I.161395,"5,0",19,42,0/.,NA,NA,NA,"275,289,372",NA,NA,AT/.
chr1,1,237456575,210176I.161395,"5,0",19,42,0/.,NA,NA,NA,"275,289,372",NA,NA,ATT/.
chr1,1,237456575,210176I.161395,"5,0",19,42,0/.,NA,NA,NA,"275,289,372",NA,NA,A/.
chr1,1,237456575,210176I.161395,"5,0",19,42,0/.,NA,NA,NA,"275,289,372",NA,NA,ATTT/.
chr1,1,237456575,210177I.161291,"4,5",9,58,0/1,NA,NA,NA,"105,0,58",NA,NA,A/AT
chr1,1,237456575,210177I.161291,"4,0",9,58,0/.,NA,NA,NA,"105,116,191",NA,NA,AT/.
chr1,1,237456575,210177I.161291,"4,0",9,58,0/.,NA,NA,NA,"105,116,191",NA,NA,ATT/.
chr1,1,237456575,210177I.161291,"4,0",9,58,0/.,NA,NA,NA,"105,116,191",NA,NA,A/.
chr1,1,237456575,210177I.161291,"4,0",9,58,0/.,NA,NA,NA,"105,116,191",NA,NA,ATTT/.
chr1,1,237456575,210183I.161408,"4,6",22,39,1/.,NA,NA,NA,"223,149,299",NA,NA,AT/.
chr1,1,237456575,210183I.161408,"4,9",22,39,./1,NA,NA,NA,"223,39,164",NA,NA,./A
chr1,1,237456575,210183I.161408,"4,3",22,39,NA,NA,NA,NA,"223,181,450",NA,NA,.
chr1,1,237456575,210183I.161408,"4,0",22,39,NA,NA,NA,NA,"223,260,429",NA,NA,.
chr1,1,237456575,210183I.161408,"4,0",22,39,NA,NA,NA,NA,"223,260,429",NA,NA,.
chr1,1,237456575,210188I.161292,"1,11",12,24,1/1,NA,NA,NA,"218,24,0",NA,NA,AT/AT
chr1,1,237456575,210188I.161292,"1,0",12,24,NA,NA,NA,NA,"218,221,229",NA,NA,.
chr1,1,237456575,210188I.161292,"1,0",12,24,NA,NA,NA,NA,"218,221,229",NA,NA,.
chr1,1,237456575,210188I.161292,"1,0",12,24,NA,NA,NA,NA,"218,221,229",NA,NA,.
chr1,1,237456575,210188I.161292,"1,0",12,24,NA,NA,NA,NA,"218,221,229",NA,NA,.
chr1,1,237456575,210192I.161293,"4,0",10,59,0/.,NA,NA,NA,"92,104,181",NA,NA,A/.
chr1,1,237456575,210192I.161293,"4,6",10,59,0/1,NA,NA,NA,"92,0,59",NA,NA,AT/A
chr1,1,237456575,210192I.161293,"4,0",10,59,0/.,NA,NA,NA,"92,104,181",NA,NA,ATT/.
chr1,1,237456575,210192I.161293,"4,0",10,59,0/.,NA,NA,NA,"92,104,181",NA,NA,A/.
chr1,1,237456575,210192I.161293,"4,0",10,59,0/.,NA,NA,NA,"92,104,181",NA,NA,ATTT/.
chr1,1,237456575,210193I.95089,"4,4",19,6,1/.,NA,NA,NA,"162,115,268",NA,NA,AT/.
chr1,1,237456575,210193I.95089,"4,7",19,6,./1,NA,NA,NA,"162,6,142",NA,NA,./A
chr1,1,237456575,210193I.95089,"4,4",19,6,NA,NA,NA,NA,"162,65,325",NA,NA,.
chr1,1,237456575,210193I.95089,"4,0",19,6,NA,NA,NA,NA,"162,195,367",NA,NA,.
chr1,1,237456575,210193I.95089,"4,0",19,6,NA,NA,NA,NA,"162,195,367",NA,NA,.
chr1,1,237456575,210194I.95090,"10,7",17,99,0/1,NA,NA,NA,"120,0,200",NA,NA,A/AT
chr1,1,237456575,210194I.95090,"10,0",17,99,0/.,NA,NA,NA,"120,150,370",NA,NA,AT/.
chr1,1,237456575,210194I.95090,"10,0",17,99,0/.,NA,NA,NA,"120,150,370",NA,NA,ATT/.
chr1,1,237456575,210194I.95090,"10,0",17,99,0/.,NA,NA,NA,"120,150,370",NA,NA,A/.
chr1,1,237456575,210194I.95090,"10,0",17,99,0/.,NA,NA,NA,"120,150,370",NA,NA,ATTT/.
chr1,1,237456575,210196I.161304,"0,0",12,34,NA,NA,NA,NA,"238,238,238",NA,NA,.
chr1,1,237456575,210196I.161304,"0,12",12,34,1/1,NA,NA,NA,"238,34,0",NA,NA,A/A
chr1,1,237456575,210196I.161304,"0,0",12,34,NA,NA,NA,NA,"238,238,238",NA,NA,.
chr1,1,237456575,210196I.161304,"0,0",12,34,NA,NA,NA,NA,"238,238,238",NA,NA,.
chr1,1,237456575,210196I.161304,"0,0",12,34,NA,NA,NA,NA,"238,238,238",NA,NA,.
chr1,1,237456575,210199I.95113,"3,0",21,53,NA,NA,NA,NA,"359,328,463",NA,NA,.
chr1,1,237456575,210199I.95113,"3,10",21,53,1/.,NA,NA,NA,"359,93,112",NA,NA,A/.
chr1,1,237456575,210199I.95113,"3,3",21,53,NA,NA,NA,NA,"359,202,333",NA,NA,.
chr1,1,237456575,210199I.95113,"3,0",21,53,NA,NA,NA,NA,"359,328,463",NA,NA,.
chr1,1,237456575,210199I.95113,"3,5",21,53,./1,NA,NA,NA,"359,175,441",NA,NA,./A
chr1,1,237456575,210200I.95091,"10,11",21,99,0/1,NA,NA,NA,"229,0,180",NA,NA,A/AT
chr1,1,237456575,210200I.95091,"10,0",21,99,0/.,NA,NA,NA,"229,259,476",NA,NA,AT/.
chr1,1,237456575,210200I.95091,"10,0",21,99,0/.,NA,NA,NA,"229,259,476",NA,NA,ATT/.
chr1,1,237456575,210200I.95091,"10,0",21,99,0/.,NA,NA,NA,"229,259,476",NA,NA,A/.
chr1,1,237456575,210200I.95091,"10,0",21,99,0/.,NA,NA,NA,"229,259,476",NA,NA,ATTT/.
chr1,1,237456575,210201I.161305,"2,3",9,26,1/.,NA,NA,NA,"89,41,107",NA,NA,AT/.
chr1,1,237456575,210201I.161305,"2,4",9,26,./1,NA,NA,NA,"89,26,83",NA,NA,./A
chr1,1,237456575,210201I.161305,"2,0",9,26,NA,NA,NA,NA,"89,107,176",NA,NA,.
chr1,1,237456575,210201I.161305,"2,0",9,26,NA,NA,NA,NA,"89,107,176",NA,NA,.
chr1,1,237456575,210201I.161305,"2,0",9,26,NA,NA,NA,NA,"89,107,176",NA,NA,.
chr1,1,237456575,210205I.161409,"5,5",16,12,0/.,NA,NA,NA,"182,23,99",NA,NA,A/.
chr1,1,237456575,210205I.161409,"5,0",16,12,0/.,NA,NA,NA,"182,168,288",NA,NA,AT/.
chr1,1,237456575,210205I.161409,"5,0",16,12,0/.,NA,NA,NA,"182,168,288",NA,NA,ATT/.
chr1,1,237456575,210205I.161409,"5,6",16,12,0/1,NA,NA,NA,"182,0,136",NA,NA,A/ATT
chr1,1,237456575,210205I.161409,"5,0",16,12,0/.,NA,NA,NA,"182,168,288",NA,NA,ATTT/.
chr1,1,237456575,210207I.95092,"5,6",26,31,1/.,NA,NA,NA,"256,180,379",NA,NA,AT/.
chr1,1,237456575,210207I.95092,"5,10",26,31,./1,NA,NA,NA,"256,31,169",NA,NA,./A
chr1,1,237456575,210207I.95092,"5,5",26,31,NA,NA,NA,NA,"256,141,478",NA,NA,.
chr1,1,237456575,210207I.95092,"5,0",26,31,NA,NA,NA,NA,"256,295,483",NA,NA,.
chr1,1,237456575,210207I.95092,"5,0",26,31,NA,NA,NA,NA,"256,295,483",NA,NA,.
chr1,1,237456575,210209I.95093,"11,0",27,99,0/.,NA,NA,NA,"250,287,649",NA,NA,A/.
chr1,1,237456575,210209I.95093,"11,11",27,99,0/1,NA,NA,NA,"250,0,206",NA,NA,AT/A
chr1,1,237456575,210209I.95093,"11,5",27,99,0/.,NA,NA,NA,"250,144,633",NA,NA,ATT/.
chr1,1,237456575,210209I.95093,"11,0",27,99,0/.,NA,NA,NA,"250,287,649",NA,NA,A/.
chr1,1,237456575,210209I.95093,"11,0",27,99,0/.,NA,NA,NA,"250,287,649",NA,NA,ATTT/.
chr1,1,237456575,210212I.161319,"2,4",6,19,0/1,NA,NA,NA,"67,0,19",NA,NA,A/AT
chr1,1,237456575,210212I.161319,"2,0",6,19,0/.,NA,NA,NA,"67,73,103",NA,NA,AT/.
chr1,1,237456575,210212I.161319,"2,0",6,19,0/.,NA,NA,NA,"67,73,103",NA,NA,ATT/.
chr1,1,237456575,210212I.161319,"2,0",6,19,0/.,NA,NA,NA,"67,73,103",NA,NA,A/.
chr1,1,237456575,210212I.161319,"2,0",6,19,0/.,NA,NA,NA,"67,73,103",NA,NA,ATTT/.
chr1,1,237456575,210213I.161337,"6,8",16,85,0/1,NA,NA,NA,"134,0,121",NA,NA,A/AT
chr1,1,237456575,210213I.161337,"6,2",16,85,0/.,NA,NA,NA,"134,129,323",NA,NA,AT/.
chr1,1,237456575,210213I.161337,"6,0",16,85,0/.,NA,NA,NA,"134,170,338",NA,NA,ATT/.
chr1,1,237456575,210213I.161337,"6,0",16,85,0/.,NA,NA,NA,"134,170,338",NA,NA,A/.
chr1,1,237456575,210213I.161337,"6,0",16,85,0/.,NA,NA,NA,"134,170,338",NA,NA,ATTT/.
chr1,1,237456575,210221I.161423,"14,2",28,99,0/.,NA,NA,NA,"212,241,639",NA,NA,A/.
chr1,1,237456575,210221I.161423,"14,12",28,99,0/1,NA,NA,NA,"212,0,303",NA,NA,AT/A
chr1,1,237456575,210221I.161423,"14,0",28,99,0/.,NA,NA,NA,"212,279,643",NA,NA,ATT/.
chr1,1,237456575,210221I.161423,"14,0",28,99,0/.,NA,NA,NA,"212,279,643",NA,NA,A/.
chr1,1,237456575,210221I.161423,"14,0",28,99,0/.,NA,NA,NA,"212,279,643",NA,NA,ATTT/.
chr1,1,237456575,410012I.161175,"0,0",9,62,NA,NA,NA,NA,"221,243,298",NA,NA,.
chr1,1,237456575,410012I.161175,"0,7",9,62,1/.,NA,NA,NA,"221,68,62",NA,NA,A/.
chr1,1,237456575,410012I.161175,"0,0",9,62,NA,NA,NA,NA,"221,243,298",NA,NA,.
chr1,1,237456575,410012I.161175,"0,2",9,62,./1,NA,NA,NA,"221,179,287",NA,NA,./ATT
chr1,1,237456575,410012I.161175,"0,0",9,62,NA,NA,NA,NA,"221,243,298",NA,NA,.
chr1,1,237456575,410049I.161182,"3,0",3,NA,NA,NA,NA,NA,"0,0,0",NA,NA,.
chr1,1,237456575,410049I.161182,"3,0",3,NA,NA,NA,NA,NA,"0,0,0",NA,NA,.
chr1,1,237456575,410049I.161182,"3,0",3,NA,NA,NA,NA,NA,"0,0,0",NA,NA,.
chr1,1,237456575,410049I.161182,"3,0",3,NA,NA,NA,NA,NA,"0,0,0",NA,NA,.
chr1,1,237456575,410049I.161182,"3,0",3,NA,NA,NA,NA,NA,"0,0,0",NA,NA,.
chr1,1,237456575,410060I.161344,"5,0",12,73,0/.,NA,NA,NA,"126,141,234",NA,NA,A/.
chr1,1,237456575,410060I.161344,"5,7",12,73,0/1,NA,NA,NA,"126,0,73",NA,NA,AT/A
chr1,1,237456575,410060I.161344,"5,0",12,73,0/.,NA,NA,NA,"126,141,234",NA,NA,ATT/.
chr1,1,237456575,410060I.161344,"5,0",12,73,0/.,NA,NA,NA,"126,141,234",NA,NA,A/.
chr1,1,237456575,410060I.161344,"5,0",12,73,0/.,NA,NA,NA,"126,141,234",NA,NA,ATTT/.
chr1,1,237456575,410068I.161198,"3,3",6,42,0/1,NA,NA,NA,"42,0,55",NA,NA,A/AT
chr1,1,237456575,410068I.161198,"3,0",6,42,0/.,NA,NA,NA,"42,51,115",NA,NA,AT/.
chr1,1,237456575,410068I.161198,"3,0",6,42,0/.,NA,NA,NA,"42,51,115",NA,NA,ATT/.
chr1,1,237456575,410068I.161198,"3,0",6,42,0/.,NA,NA,NA,"42,51,115",NA,NA,A/.
chr1,1,237456575,410068I.161198,"3,0",6,42,0/.,NA,NA,NA,"42,51,115",NA,NA,ATTT/.
chr1,1,237456575,410091I.161210,"5,4",9,71,0/1,NA,NA,NA,"73,0,71",NA,NA,A/AT
chr1,1,237456575,410091I.161210,"5,0",9,71,0/.,NA,NA,NA,"73,87,170",NA,NA,AT/.
chr1,1,237456575,410091I.161210,"5,0",9,71,0/.,NA,NA,NA,"73,87,170",NA,NA,ATT/.
chr1,1,237456575,410091I.161210,"5,0",9,71,0/.,NA,NA,NA,"73,87,170",NA,NA,A/.
chr1,1,237456575,410091I.161210,"5,0",9,71,0/.,NA,NA,NA,"73,87,170",NA,NA,ATTT/.
chr1,1,237456575,410096I.161212,"6,0",9,64,0/.,NA,NA,NA,"64,82,266",NA,NA,A/.
chr1,1,237456575,410096I.161212,"6,0",9,64,0/.,NA,NA,NA,"64,82,266",NA,NA,AT/.
chr1,1,237456575,410096I.161212,"6,3",9,64,0/1,NA,NA,NA,"64,0,174",NA,NA,ATT/A
chr1,1,237456575,410096I.161212,"6,0",9,64,0/.,NA,NA,NA,"64,82,266",NA,NA,A/.
chr1,1,237456575,410096I.161212,"6,0",9,64,0/.,NA,NA,NA,"64,82,266",NA,NA,ATTT/.
chr1,1,237456575,410097.729,"9,0",9,0,0/0,NA,NA,NA,"0,0,133",NA,NA,A/A
chr1,1,237456575,410097.729,"9,0",9,0,0/0,NA,NA,NA,"0,0,133",NA,NA,AT/AT
chr1,1,237456575,410097.729,"9,0",9,0,0/0,NA,NA,NA,"0,0,133",NA,NA,ATT/ATT
chr1,1,237456575,410097.729,"9,0",9,0,0/0,NA,NA,NA,"0,0,133",NA,NA,A/A
chr1,1,237456575,410097.729,"9,0",9,0,0/0,NA,NA,NA,"0,0,133",NA,NA,ATTT/ATTT
chr1,1,237456575,410116.729,"3,15",22,32,1/.,NA,NA,NA,"462,33,32",NA,NA,AT/.
chr1,1,237456575,410116.729,"3,0",22,32,NA,NA,NA,NA,"462,420,482",NA,NA,.
chr1,1,237456575,410116.729,"3,0",22,32,NA,NA,NA,NA,"462,420,482",NA,NA,.
chr1,1,237456575,410116.729,"3,4",22,32,./1,NA,NA,NA,"462,259,330",NA,NA,./ATT
chr1,1,237456575,410116.729,"3,0",22,32,NA,NA,NA,NA,"462,420,482",NA,NA,.
chr1,1,237456575,410125I.161390,"4,11",15,44,0/1,NA,NA,NA,"199,0,44",NA,NA,A/AT
chr1,1,237456575,410125I.161390,"4,0",15,44,0/.,NA,NA,NA,"199,211,287",NA,NA,AT/.
chr1,1,237456575,410125I.161390,"4,0",15,44,0/.,NA,NA,NA,"199,211,287",NA,NA,ATT/.
chr1,1,237456575,410125I.161390,"4,0",15,44,0/.,NA,NA,NA,"199,211,287",NA,NA,A/.
chr1,1,237456575,410125I.161390,"4,0",15,44,0/.,NA,NA,NA,"199,211,287",NA,NA,ATTT/.
chr1,1,237456575,410131I.161275,"13,0",13,0,0/0,NA,NA,NA,"0,0,278",NA,NA,A/A
chr1,1,237456575,410131I.161275,"13,0",13,0,0/0,NA,NA,NA,"0,0,278",NA,NA,AT/AT
chr1,1,237456575,410131I.161275,"13,0",13,0,0/0,NA,NA,NA,"0,0,278",NA,NA,ATT/ATT
chr1,1,237456575,410131I.161275,"13,0",13,0,0/0,NA,NA,NA,"0,0,278",NA,NA,A/A
chr1,1,237456575,410131I.161275,"13,0",13,0,0/0,NA,NA,NA,"0,0,278",NA,NA,ATTT/ATTT
chr1,1,237456575,410135I.161391,"3,7",10,32,0/1,NA,NA,NA,"130,0,32",NA,NA,A/AT
chr1,1,237456575,410135I.161391,"3,0",10,32,0/.,NA,NA,NA,"130,138,191",NA,NA,AT/.
chr1,1,237456575,410135I.161391,"3,0",10,32,0/.,NA,NA,NA,"130,138,191",NA,NA,ATT/.
chr1,1,237456575,410135I.161391,"3,0",10,32,0/.,NA,NA,NA,"130,138,191",NA,NA,A/.
chr1,1,237456575,410135I.161391,"3,0",10,32,0/.,NA,NA,NA,"130,138,191",NA,NA,ATTT/.
chr1,1,237456575,410143I.161277,"2,0",6,18,0/.,NA,NA,NA,"84,90,119",NA,NA,A/.
chr1,1,237456575,410143I.161277,"2,4",6,18,0/1,NA,NA,NA,"84,0,18",NA,NA,AT/A
chr1,1,237456575,410143I.161277,"2,0",6,18,0/.,NA,NA,NA,"84,90,119",NA,NA,ATT/.
chr1,1,237456575,410143I.161277,"2,0",6,18,0/.,NA,NA,NA,"84,90,119",NA,NA,A/.
chr1,1,237456575,410143I.161277,"2,0",6,18,0/.,NA,NA,NA,"84,90,119",NA,NA,ATTT/.
chr1,1,237456575,410154I.161392,"9,8",23,31,0/1,NA,NA,NA,"214,0,193",NA,NA,A/AT
chr1,1,237456575,410154I.161392,"9,0",23,31,0/.,NA,NA,NA,"214,212,468",NA,NA,AT/.
chr1,1,237456575,410154I.161392,"9,0",23,31,0/.,NA,NA,NA,"214,212,468",NA,NA,ATT/.
chr1,1,237456575,410154I.161392,"9,6",23,31,0/.,NA,NA,NA,"214,31,314",NA,NA,A/.
chr1,1,237456575,410154I.161392,"9,0",23,31,0/.,NA,NA,NA,"214,212,468",NA,NA,ATTT/.
chr1,1,237456575,410164I.161282,"3,10",17,17,1/.,NA,NA,NA,"200,17,86",NA,NA,AT/.
chr1,1,237456575,410164I.161282,"3,4",17,17,./1,NA,NA,NA,"200,159,291",NA,NA,./A
chr1,1,237456575,410164I.161282,"3,0",17,17,NA,NA,NA,NA,"200,235,349",NA,NA,.
chr1,1,237456575,410164I.161282,"3,0",17,17,NA,NA,NA,NA,"200,235,349",NA,NA,.
chr1,1,237456575,410164I.161282,"3,0",17,17,NA,NA,NA,NA,"200,235,349",NA,NA,.
chr1,1,237456575,410177I.161402,"18,3",21,2,0/0,NA,0|1,237619875_A_AT,"0,2,371",NA,NA,A/A
chr1,1,237456575,410177I.161402,"18,0",21,2,0/0,NA,0|1,237619875_A_AT,"0,53,431",NA,NA,AT/AT
chr1,1,237456575,410177I.161402,"18,0",21,2,0/0,NA,0|1,237619875_A_AT,"0,53,431",NA,NA,ATT/ATT
chr1,1,237456575,410177I.161402,"18,0",21,2,0/0,NA,0|1,237619875_A_AT,"0,53,431",NA,NA,A/A
chr1,1,237456575,410177I.161402,"18,0",21,2,0/0,NA,0|1,237619875_A_AT,"0,53,431",NA,NA,ATTT/ATTT
chr1,1,237456575,410230I.161325,"2,4",6,32,0/1,NA,NA,NA,"67,0,32",NA,NA,A/AT
chr1,1,237456575,410230I.161325,"2,0",6,32,0/.,NA,NA,NA,"67,73,117",NA,NA,AT/.
chr1,1,237456575,410230I.161325,"2,0",6,32,0/.,NA,NA,NA,"67,73,117",NA,NA,ATT/.
chr1,1,237456575,410230I.161325,"2,0",6,32,0/.,NA,NA,NA,"67,73,117",NA,NA,A/.
chr1,1,237456575,410230I.161325,"2,0",6,32,0/.,NA,NA,NA,"67,73,117",NA,NA,ATTT/.
